{
  "generation": 25,
  "population": [
    [
      0.7297980817739331,
      0.39287574378682333,
      0.8908364933613351,
      0.2226836424479161,
      0.4393978020118938,
      0.3427882465637575,
      0.1237911534222189,
      0.1,
      0.6218553317427897,
      1.0379136488892395
    ],
    [
      0.7297980817739331,
      0.39287574378682333,
      0.8908364933613351,
      0.2226836424479161,
      0.4393978020118938,
      0.3427882465637575,
      0.1237911534222189,
      0.1,
      0.6218553317427897,
      1.0379136488892395
    ],
    [
      0.7297980817739331,
      0.39287574378682333,
      0.8908364933613351,
      0.2226836424479161,
      0.4393978020118938,
      0.3427882465637575,
      0.1237911534222189,
      0.1,
      0.6218553317427897,
      1.0379136488892395
    ],
    [
      0.7297980817739331,
      0.39287574378682333,
      0.8908364933613351,
      0.2226836424479161,
      0.4393978020118938,
      0.3427882465637575,
      0.1237911534222189,
      0.1,
      0.6218553317427897,
      1.0379136488892395
    ],
    [
      0.7297980817739332,
      0.39287574378682333,
      0.8908364933613351,
      0.2226836424479161,
      0.4393978020118938,
      0.3427882465637575,
      0.1237911534222189,
      0.1,
      0.6218553317427897,
      1.0379136488892395
    ],
    [
      0.7297980817739331,
      0.39287574378682333,
      0.8908364933613351,
      0.2226836424479161,
      0.43939780201189377,
      0.3427882465637575,
      0.12379115342221889,
      0.10162592413025259,
      0.6218553317427897,
      1.0379136488892398
    ],
    [
      0.7297980817739331,
      0.39287574378682333,
      0.8908364933613351,
      0.2226836424479161,
      0.43939780201189377,
      0.3427882465637575,
      0.12379115342221889,
      0.1,
      0.6218553317427897,
      1.0379136488892398
    ],
    [
      0.7297980817739331,
      0.406314170737006,
      0.8908364933613351,
      0.2829709071614802,
      0.4393978020118938,
      0.3427882465637575,
      0.12379115342221889,
      0.1,
      0.6218553317427897,
      1.0379136488892395
    ],
    [
      0.7297980817739331,
      0.39287574378682333,
      0.8908364933613351,
      0.2226836424479161,
      0.4393978020118938,
      0.3427882465637575,
      0.12379115342221891,
      0.1,
      0.6218553317427897,
      1.0379136488892395
    ],
    [
      0.7297980817739331,
      0.39287574378682333,
      0.8908364933613351,
      0.2226836424479161,
      0.4393978020118938,
      0.3427882465637575,
      0.1237911534222189,
      0.1,
      0.6218553317427897,
      1.0379136488892395
    ]
  ],
  "generation_log": [
    {
      "generation": 0,
      "best": 2.162,
      "avg": 1.8801999999999999,
      "min": 0.0,
      "std": 0.6292042275763887
    },
    {
      "generation": 1,
      "best": 1.9251312239391707,
      "avg": 1.1234152563159185,
      "min": 0.0,
      "std": 0.9175620018001569
    },
    {
      "generation": 2,
      "best": 1.9251312239391707,
      "avg": 1.8885234240863382,
      "min": 1.86495462349767,
      "std": 0.024245478185042375
    },
    {
      "generation": 3,
      "best": 1.9251312239391707,
      "avg": 1.9158479273975964,
      "min": 1.8787147412312977,
      "std": 0.01856659308314921
    },
    {
      "generation": 4,
      "best": 1.9251312239391707,
      "avg": 1.9191246014226144,
      "min": 1.865064998773608,
      "std": 0.018019867549668778
    },
    {
      "generation": 5,
      "best": 1.9251336767230804,
      "avg": 1.920428501349031,
      "min": 1.8781015452538632,
      "std": 0.014108985384007263
    },
    {
      "generation": 6,
      "best": 1.9251385822909,
      "avg": 1.9251322050527346,
      "min": 1.9251312239391707,
      "std": 2.2480135859658356e-06
    },
    {
      "generation": 7,
      "best": 1.9316948736816286,
      "avg": 1.9257905322541085,
      "min": 1.9251312239391707,
      "std": 0.0019681205341427976
    },
    {
      "generation": 8,
      "best": 1.9316948736816286,
      "avg": 1.9254584253127298,
      "min": 1.9217733627667402,
      "std": 0.0023083968127489115
    },
    {
      "generation": 9,
      "best": 1.9316948736816286,
      "avg": 1.9257993622761833,
      "min": 1.9251336767230804,
      "std": 0.0019651759789720935
    },
    {
      "generation": 10,
      "best": 1.9316948736816286,
      "avg": 1.9271123375030659,
      "min": 1.925148393426539,
      "std": 0.002999974130448208
    },
    {
      "generation": 11,
      "best": 1.9316948736816286,
      "avg": 1.9277669855285748,
      "min": 1.925148393426539,
      "std": 0.003207107247234934
    },
    {
      "generation": 12,
      "best": 1.9316948736816286,
      "avg": 1.929730929605102,
      "min": 1.925148393426539,
      "std": 0.0029999741304482077
    },
    {
      "generation": 13,
      "best": 1.9316948736816286,
      "avg": 1.9316948736816286,
      "min": 1.9316948736816286,
      "std": 0.0
    },
    {
      "generation": 14,
      "best": 1.9316948736816286,
      "avg": 1.9316948736816286,
      "min": 1.9316948736816286,
      "std": 0.0
    },
    {
      "generation": 15,
      "best": 1.9316948736816286,
      "avg": 1.9316948736816286,
      "min": 1.9316948736816286,
      "std": 0.0
    },
    {
      "generation": 16,
      "best": 1.9316948736816286,
      "avg": 1.930708854549914,
      "min": 1.9218346823644836,
      "std": 0.0029580573951434987
    },
    {
      "generation": 17,
      "best": 1.9383787098356633,
      "avg": 1.9323632572970322,
      "min": 1.9316948736816286,
      "std": 0.002005150846210402
    },
    {
      "generation": 18,
      "best": 1.9383787098356633,
      "avg": 1.9343684081432424,
      "min": 1.9316948736816286,
      "std": 0.003274397620350259
    },
    {
      "generation": 19,
      "best": 1.9383787098356633,
      "avg": 1.93771032622026,
      "min": 1.9316948736816286,
      "std": 0.0020051508462104015
    },
    {
      "generation": 20,
      "best": 1.9383787098356633,
      "avg": 1.9383787098356635,
      "min": 1.9383787098356633,
      "std": 2.220446049250313e-16
    },
    {
      "generation": 21,
      "best": 1.9383787098356633,
      "avg": 1.9383787098356635,
      "min": 1.9383787098356633,
      "std": 2.220446049250313e-16
    },
    {
      "generation": 22,
      "best": 1.9383787098356633,
      "avg": 1.9383787098356635,
      "min": 1.9383787098356633,
      "std": 2.220446049250313e-16
    },
    {
      "generation": 23,
      "best": 1.9383787098356633,
      "avg": 1.9383787098356635,
      "min": 1.9383787098356633,
      "std": 2.220446049250313e-16
    },
    {
      "generation": 24,
      "best": 1.9383787098356633,
      "avg": 1.9383787098356635,
      "min": 1.9383787098356633,
      "std": 2.220446049250313e-16
    },
    {
      "generation": 25,
      "best": 1.9383787098356633,
      "avg": 1.934699533971057,
      "min": 1.9015869511896004,
      "std": 0.011037527593818864
    }
  ]
}