{
  "generation": 0,
  "population": [
    [
      0.8058192518328079,
      0.34906969749411343,
      0.3402505165179919,
      0.15547949981178155,
      0.4786065361033906,
      0.33659454511262676,
      0.046372921690073954,
      0.048358188416732006,
      0.4237471831737299,
      1.247079459597093
    ],
    [
      0.21098284358632646,
      0.4714548571675272,
      0.8763676264726689,
      0.3146778807984779,
      0.32771933264744,
      0.39563190106066426,
      0.45727379487027175,
      0.2294259262936994,
      0.13244008324902623,
      0.5685922646185685
    ],
    [
      0.8071282732743802,
      0.36486589334690894,
      0.5362280914547007,
      0.9731157639793706,
      0.18926718860417674,
      0.552040631273227,
      0.41470233212649743,
      0.30925987618212303,
      0.4308534501553886,
      1.196969075987848
    ],
    [
      0.9895233506365952,
      0.3199998799270464,
      0.5569497437746462,
      0.6846142509898746,
      0.4214259600949048,
      0.7759999115462448,
      0.11452403598205219,
      0.01605012195201888,
      0.15772652402954096,
      0.6087076643538352
    ],
    [
      0.21863797480360336,
      0.2526776440516812,
      0.026535969683863625,
      0.1988376506866485,
      0.3249422188897616,
      0.5449414806032167,
      0.11022031102034835,
      0.29463284193795436,
      0.4047152283389133,
      0.11234764338831593
    ],
    [
      0.21863797480360336,
      0.2526776440516812,
      0.026535969683863625,
      0.1988376506866485,
      0.3249422188897616,
      0.5449414806032167,
      0.11022031102034835,
      0.29463284193795436,
      0.4047152283389133,
      0.11234764338831593
    ],
    [
      0.8058192518328079,
      0.34906969749411343,
      0.3402505165179919,
      0.15547949981178155,
      0.4786065361033906,
      0.33659454511262676,
      0.046372921690073954,
      0.048358188416732006,
      0.4237471831737299,
      1.247079459597093
    ],
    [
      0.8064439318085908,
      0.34470576856526686,
      0.3845339100512084,
      1.3579303502961388,
      0.1564128186553838,
      0.332049628201223,
      0.039648399745805904,
      0.21395611288173755,
      0.42131338690659215,
      1.198782310713347
    ],
    [
      0.8065035932985973,
      0.3692298222757555,
      0.42467693998008005,
      0.0,
      0.5,
      0.5565855481846307,
      0.42142685407076547,
      0.1436619517171175,
      0.43328724642252625,
      1.245266224871594
    ],
    [
      0.8058192518328079,
      0.34906969749411343,
      0.3402505165179919,
      0.15547949981178155,
      0.4786065361033906,
      0.33659454511262676,
      0.046372921690073954,
      0.048358188416732006,
      0.4237471831737299,
      1.247079459597093
    ]
  ],
  "generation_log": [
    {
      "generation": 0,
      "best": 2.162,
      "avg": 1.8801999999999999,
      "min": 0.0,
      "std": 0.6292042275763887
    }
  ]
}