{
  "cycle_label": "ga-weight-optimization-20260215",
  "optimized_at": "2026-02-16T00:54:44+0900",
  "weights": {
    "hot_weight": 0.21863797480360336,
    "cold_weight": 0.25267764405168114,
    "neighbor_weight": 0.026535969683863625,
    "carryover_weight": 0.24145206735003952,
    "reverse_weight": 0.3249422188897616,
    "hmm_hot_boost": 0.5449414806032167,
    "hmm_cold_boost": 0.11022031102034835,
    "poisson_lambda": 0.2689899114266129,
    "markov_lambda": 0.3570796294968262,
    "temperature": 0.13436838201257711
  },
  "fitness": {
    "hit_at_15": 2.2,
    "hit_at_20": 2.74,
    "mean_rank": 22.35333333333333,
    "train_fitness": 2.55,
    "val_fitness": 2.2,
    "combined_fitness": 2.41
  },
  "baseline": {
    "hit_at_15": 2.0,
    "hit_at_20": 2.6666666666666665,
    "mean_rank": 22.5
  }
}