{
  "cycle_label": "ga-weight-optimization-20260215",
  "optimized_at": "2026-02-16T16:45:19+0900",
  "weights": {
    "hot_weight": 0.7297980817739331,
    "cold_weight": 0.3928757437868233,
    "neighbor_weight": 0.8908364933613351,
    "carryover_weight": 0.2226836424479161,
    "reverse_weight": 0.4393978020118939,
    "poisson_lambda": 0.3584857004888406,
    "markov_lambda": 0.1237911534222189,
    "temperature": 0.10205953251457589
  },
  "fitness": {
    "hit_at_15": 1.9536423841059603,
    "hit_at_20": 2.6556291390728477,
    "mean_rank": 23.33112582781457,
    "train_fitness": 2.3,
    "val_fitness": 1.9536423841059603,
    "combined_fitness": 1.9449742457689476
  },
  "baseline": {
    "hit_at_15": 2.0,
    "hit_at_20": 2.6666666666666665,
    "mean_rank": 22.5
  }
}