{
  "base_score": 0.03110375441610813,
  "hot_boost": 0.046151164919137955,
  "cold_boost": 0.036777958273887634,
  "neighbor_boost": 0.042214296758174896,
  "carryover_boost": 0.040457114577293396,
  "reverse_boost": 0.04316861182451248,
  "hmm_hot_prob": 0.03500936180353165,
  "hmm_cold_prob": 0.04062502831220627,
  "poisson_penalty": 0.03961239755153656,
  "markov_penalty": 0.042360782623291016,
  "frequency_recent_10": 0.03577219694852829,
  "frequency_recent_20": 0.040817990899086,
  "frequency_all": 0.042064495384693146,
  "gap_since_last": 0.04370560497045517,
  "number_value": 0.039982423186302185,
  "streak_length": 0.03856943920254707,
  "pair_freq_recent": 0.04147709533572197,
  "zone_low": 0.0,
  "zone_mid": 0.03778449073433876,
  "zone_high": 0.0,
  "lag_1_appeared": 0.0,
  "lag_2_appeared": 0.03563475236296654,
  "odd_even": 0.03754977136850357,
  "frequency_variance": 0.03818415477871895,
  "rank_percentile": 0.041686031967401505,
  "recency_score": 0.044929493218660355,
  "gap_variance": 0.043595265597105026,
  "cycle_phase": 0.040766358375549316
}