{
  "base_score": 0.03433256596326828,
  "hot_boost": 0.034351788461208344,
  "cold_boost": 0.04129384085536003,
  "neighbor_boost": 0.035568974912166595,
  "carryover_boost": 0.033778801560401917,
  "reverse_boost": 0.03553960472345352,
  "hmm_hot_prob": 0.03507227823138237,
  "hmm_cold_prob": 0.03447727859020233,
  "poisson_penalty": 0.03654275834560394,
  "markov_penalty": 0.03664236143231392,
  "frequency_recent_10": 0.03395642712712288,
  "frequency_recent_20": 0.035203512758016586,
  "frequency_all": 0.037939224392175674,
  "gap_since_last": 0.037998512387275696,
  "number_value": 0.03662855550646782,
  "streak_length": 0.0348498709499836,
  "pair_freq_recent": 0.036997582763433456,
  "zone_low": 0.033358652144670486,
  "zone_mid": 0.03405820578336716,
  "zone_high": 0.030396101996302605,
  "lag_1_appeared": 0.031810738146305084,
  "lag_2_appeared": 0.03546728566288948,
  "odd_even": 0.03734278306365013,
  "frequency_variance": 0.03892791271209717,
  "rank_percentile": 0.0364164300262928,
  "recency_score": 0.03836529329419136,
  "gap_variance": 0.0366940014064312,
  "cycle_phase": 0.03598860651254654
}